{
  "embedding_type": "glove",
  "vocab_size": 10000,
  "embedding_dim": 300,
  "shape": [
    10000,
    300
  ],
  "mean": -0.001346500746078341,
  "std": 0.29448741404413886
}